<assembly xmlns="http://maven.apache.org/plugins/maven-assembly-plugin/assembly/1.1.3"
          xmlns:xsi="http://www.w3.org/2001/XMLSchema-instance"
          xsi:schemaLocation="http://maven.apache.org/plugins/maven-assembly-plugin/assembly/1.1.3 http://maven.apache.org/xsd/assembly-1.1.3.xsd">
  <id>dist</id>
  <formats>
    <format>tar.gz</format>
  </formats>
  <fileSets>
    <fileSet>
      <directory>${project.basedir}</directory>
      <includes>
        <include>README*</include>
        <include>LICENSE*</include>
        <include>NOTICE*</include>
        <include>pom.xml</include>
      </includes>
      <useDefaultExcludes>true</useDefaultExcludes>
    </fileSet>
    <fileSet>
      <directory>${project.basedir}/src</directory>
      <useDefaultExcludes>true</useDefaultExcludes>
    </fileSet>
    <fileSet>
      <directory>${project.build.directory}/apidocs</directory>
      <outputDirectory>doc</outputDirectory>
    </fileSet>
    <fileSet>
      <directory>${project.build.directory}</directory>
      <outputDirectory>lib</outputDirectory>
      <includes>
        <include>*.jar</include>
      </includes>
    </fileSet>
  </fileSets>
  <dependencySets>
    <dependencySet>
      <outputDirectory>lib</outputDirectory>
      <useProjectArtifact>false</useProjectArtifact>
      <unpack>false</unpack>
      <scope>runtime</scope>
    </dependencySet>
  </dependencySets>
</assembly>